{"0":[1.100000023841858,2.200000047683716],"1":[3.299999952316284,4.400000095367432]}